[{"model": "mainapp.productcategory", "pk": 1, "fields": {"name": "Дом", "description": "aaaa", "is_deleted": false, "created_at": "2021-07-02T11:43:09.458", "updated_at": "2021-08-19T10:04:14.562"}}, {"model": "mainapp.productcategory", "pk": 2, "fields": {"name": "Офис", "description": "", "is_deleted": false, "created_at": "2021-07-02T11:43:09.462", "updated_at": "2021-07-02T11:43:09.462"}}, {"model": "mainapp.productcategory", "pk": 3, "fields": {"name": "Модерн", "description": "", "is_deleted": false, "created_at": "2021-07-02T11:43:09.495", "updated_at": "2021-07-02T11:43:09.495"}}, {"model": "mainapp.productcategory", "pk": 4, "fields": {"name": "Классика", "description": "", "is_deleted": false, "created_at": "2021-07-02T11:43:09.509", "updated_at": "2021-08-19T09:47:44.019"}}, {"model": "mainapp.productcategory", "pk": 5, "fields": {"name": "Хтонь", "description": "какая то", "is_deleted": true, "created_at": "2021-07-15T13:07:49.182", "updated_at": "2021-07-15T13:16:56.761"}}, {"model": "mainapp.productcategory", "pk": 6, "fields": {"name": "Ujdyj", "description": "", "is_deleted": true, "created_at": "2021-07-15T13:10:47.884", "updated_at": "2021-07-15T13:25:23.116"}}, {"model": "mainapp.product", "pk": 1, "fields": {"category": 1, "name": "Диван", "description": "", "image": "product_images/product-3-sm.jpg", "price": "17999.99", "quantity": 11, "is_deleted": false, "created_at": "2021-07-02T11:43:09.527", "updated_at": "2021-08-05T08:38:21.708"}}, {"model": "mainapp.product", "pk": 2, "fields": {"category": 3, "name": "Стул", "description": "", "image": "product_images/product-2.jpg", "price": "1234.00", "quantity": 11, "is_deleted": false, "created_at": "2021-07-02T11:43:09.551", "updated_at": "2021-08-13T14:41:17.173"}}, {"model": "mainapp.product", "pk": 3, "fields": {"category": 2, "name": "Лампа", "description": "ааа", "image": "product_images/product-1.jpg", "price": "1000.00", "quantity": 7, "is_deleted": false, "created_at": "2021-07-02T11:43:09.568", "updated_at": "2021-08-20T16:06:48.418"}}, {"model": "mainapp.product", "pk": 4, "fields": {"category": 4, "name": "Стул классический", "description": "", "image": "product_images/product-4.jpg", "price": "2000.00", "quantity": 12, "is_deleted": false, "created_at": "2021-07-02T11:43:09.592", "updated_at": "2021-08-05T11:21:31.983"}}, {"model": "mainapp.product", "pk": 5, "fields": {"category": 3, "name": "Лампа", "description": "Класс", "image": "product_images/product-2-sm.jpg", "price": "4699.00", "quantity": 9, "is_deleted": false, "created_at": "2021-07-02T11:43:09.616", "updated_at": "2021-07-02T11:43:09.616"}}, {"model": "mainapp.product", "pk": 6, "fields": {"category": 1, "name": "Чайник", "description": "кипятит", "image": "product_images/product-3.jpg", "price": "899.10", "quantity": 46, "is_deleted": false, "created_at": "2021-07-02T11:43:09.640", "updated_at": "2021-08-20T16:06:48.410"}}, {"model": "mainapp.product", "pk": 7, "fields": {"category": 3, "name": "Часы", "description": "Показывают время", "image": "product_images/product-4-sm.jpg", "price": "799.00", "quantity": 61, "is_deleted": false, "created_at": "2021-07-02T11:43:09.665", "updated_at": "2021-08-05T11:10:52.482"}}, {"model": "mainapp.product", "pk": 8, "fields": {"category": 3, "name": "Люстра", "description": "на потолке висит", "image": "product_images/product-5-sm.jpg", "price": "2300.00", "quantity": 16, "is_deleted": false, "created_at": "2021-07-02T11:43:09.682", "updated_at": "2021-08-05T09:55:09.605"}}, {"model": "mainapp.product", "pk": 9, "fields": {"category": 3, "name": "Шкаф", "description": "", "image": "", "price": "1200.00", "quantity": 8, "is_deleted": false, "created_at": "2021-07-02T11:43:09.706", "updated_at": "2021-08-13T14:41:17.164"}}, {"model": "mainapp.product", "pk": 10, "fields": {"category": 4, "name": "Табуретка", "description": "", "image": "", "price": "500.00", "quantity": 28, "is_deleted": false, "created_at": "2021-07-02T11:43:09.731", "updated_at": "2021-08-05T10:01:44.534"}}, {"model": "mainapp.product", "pk": 11, "fields": {"category": 3, "name": "Комод", "description": "вместительный и современный", "image": "", "price": "9999.00", "quantity": 39, "is_deleted": false, "created_at": "2021-07-19T12:53:59.089", "updated_at": "2021-08-05T11:52:37.163"}}, {"model": "authapp.shopuser", "pk": 1, "fields": {"password": "pbkdf2_sha256$260000$kOEFEy8UoZ7pP6qeM9qBAk$YL3MV3ScqyytKBa8xFJb3NJ3PkfvSw/n6Az0jEw05iw=", "last_login": "2021-08-13T14:40:43.004", "is_superuser": true, "username": "admin", "first_name": "user", "last_name": "firstasd", "email": "test1@test.com", "is_staff": true, "is_active": true, "date_joined": "2021-07-02T14:38:34.785", "image": "", "date_of_birth": null, "is_deleted": false, "activation_key": null, "activation_key_start_time": "2021-07-22T09:41:27.517", "groups": [], "user_permissions": []}}, {"model": "authapp.shopuser", "pk": 2, "fields": {"password": "pbkdf2_sha256$260000$TkDIGf7jcEeYEFCMwYxyBf$EwrCzv7pBHGgRhjrGzl27UYJ4DQ2fLwfd10/WvJtVL4=", "last_login": null, "is_superuser": false, "username": "first", "first_name": "user", "last_name": "first", "email": "test1@test.com", "is_staff": false, "is_active": true, "date_joined": "2021-07-14T13:12:58.967", "image": "", "date_of_birth": null, "is_deleted": false, "activation_key": null, "activation_key_start_time": "2021-07-22T09:41:27.517", "groups": [], "user_permissions": []}}, {"model": "authapp.shopuser", "pk": 3, "fields": {"password": "pbkdf2_sha256$260000$pRRfshxxiw2PopN7gMgqQg$poQm3rDeV1jxE3EFqTyDfDrBIFT3thCgT0+dV35/6cg=", "last_login": null, "is_superuser": false, "username": "second", "first_name": "user", "last_name": "second", "email": "test2@test.com", "is_staff": false, "is_active": true, "date_joined": "2021-07-14T13:14:59.763", "image": "", "date_of_birth": null, "is_deleted": false, "activation_key": null, "activation_key_start_time": "2021-07-22T09:41:27.517", "groups": [], "user_permissions": []}}, {"model": "authapp.shopuser", "pk": 4, "fields": {"password": "pbkdf2_sha256$260000$EfnlpIuMLvIjabQIhdiFGh$JxzkDvMD5GDRHE1ukNAl76eYyuCKovEe4Hgam43OItk=", "last_login": null, "is_superuser": false, "username": "asdff", "first_name": "staff", "last_name": "user", "email": "test3@test.com", "is_staff": true, "is_active": true, "date_joined": "2021-07-14T13:20:27.655", "image": "", "date_of_birth": null, "is_deleted": false, "activation_key": null, "activation_key_start_time": "2021-07-22T09:41:27.517", "groups": [], "user_permissions": []}}, {"model": "authapp.shopuser", "pk": 5, "fields": {"password": "pbkdf2_sha256$260000$g7Xgu12ozEadSpNcTTgRpa$tEGie5AocVABUIKgyfhKJIbXs6/MiIsPeWkn0TDwFXI=", "last_login": null, "is_superuser": false, "username": "third", "first_name": "third", "last_name": "user", "email": "test5@test.com", "is_staff": false, "is_active": true, "date_joined": "2021-07-14T13:22:08.169", "image": "", "date_of_birth": null, "is_deleted": true, "activation_key": null, "activation_key_start_time": "2021-07-22T09:41:27.517", "groups": [], "user_permissions": []}}, {"model": "authapp.shopuser", "pk": 6, "fields": {"password": "pbkdf2_sha256$260000$yYwndEyXZBSi3QG20vJxSh$kRix1xK50mG3NXWrw9vCDoxBulLZ2TyTjxnSM8/DqVo=", "last_login": null, "is_superuser": false, "username": "four", "first_name": "user", "last_name": "ser", "email": "test52@test.com", "is_staff": false, "is_active": true, "date_joined": "2021-07-20T10:42:49.335", "image": "", "date_of_birth": null, "is_deleted": false, "activation_key": null, "activation_key_start_time": "2021-07-22T09:41:27.517", "groups": [], "user_permissions": []}}, {"model": "authapp.shopuser", "pk": 7, "fields": {"password": "sixsixsix", "last_login": null, "is_superuser": false, "username": "six", "first_name": "sixsix", "last_name": "six", "email": "test6@test.com", "is_staff": false, "is_active": true, "date_joined": "2021-07-20T10:46:05.836", "image": "", "date_of_birth": null, "is_deleted": false, "activation_key": null, "activation_key_start_time": "2021-07-22T09:41:27.517", "groups": [], "user_permissions": []}}, {"model": "authapp.shopuser", "pk": 28, "fields": {"password": "pbkdf2_sha256$260000$qz1pG7Whb6X9vZ4wF6fzxd$IL/061Jj+MNLyb1pV1YNPBLa51XlGRQfHiLjn7ORQU0=", "last_login": null, "is_superuser": false, "username": "ffff", "first_name": "ffff", "last_name": "", "email": "fucak@test.com", "is_staff": false, "is_active": false, "date_joined": "2021-07-22T12:15:49.670", "image": "", "date_of_birth": null, "is_deleted": false, "activation_key": "7c2dadd25b1900ebcad5ad5cb540a36583b73619", "activation_key_start_time": "2021-07-22T12:15:49.670", "groups": [], "user_permissions": []}}, {"model": "authapp.shopuser", "pk": 29, "fields": {"password": "pbkdf2_sha256$260000$2X9fszPxF2mobgWM328cHv$sQYMrEQcu6QBPyDQ8UjSnoVOg9wUhLlwOUhCZpL0ynE=", "last_login": null, "is_superuser": false, "username": "gggg", "first_name": "gggg", "last_name": "", "email": "gggg@gggg.com", "is_staff": false, "is_active": false, "date_joined": "2021-07-22T12:25:58.965", "image": "", "date_of_birth": null, "is_deleted": false, "activation_key": "a083d6ac90ac8492f87f6888fb040b0d2071a5a5", "activation_key_start_time": "2021-07-22T12:25:58.966", "groups": [], "user_permissions": []}}, {"model": "authapp.shopuser", "pk": 30, "fields": {"password": "pbkdf2_sha256$260000$oPipig8sDJUvPTROMibunL$dyjyPwhnF51jEwomvvAKvHP3wI5r7NcSwXRbhumj33s=", "last_login": "2021-07-22T12:33:38.362", "is_superuser": false, "username": "qqqq", "first_name": "qqqq", "last_name": "", "email": "qqqq@llll.com", "is_staff": false, "is_active": true, "date_joined": "2021-07-22T12:28:13.638", "image": "", "date_of_birth": null, "is_deleted": false, "activation_key": "87c877179ab0cbf26aec486142dc3371c7116a99", "activation_key_start_time": "2021-07-22T12:28:13.638", "groups": [], "user_permissions": []}}, {"model": "authapp.shopuser", "pk": 31, "fields": {"password": "pbkdf2_sha256$260000$kWbiHrsbtO7UWYXmEIuw1f$JG0GJ7saDF/h7XUSJ1C9RoKmsPAnDxWk5vBkzonBfmI=", "last_login": "2021-07-23T11:53:36.818", "is_superuser": false, "username": "wwww", "first_name": "wwww", "last_name": "", "email": "wwww@llll.com", "is_staff": false, "is_active": true, "date_joined": "2021-07-23T11:53:20.316", "image": "", "date_of_birth": null, "is_deleted": false, "activation_key": "24fa445c5653bcffbf1b89d15689c128cb2dff72", "activation_key_start_time": "2021-07-23T11:53:20.316", "groups": [], "user_permissions": []}}, {"model": "authapp.shopuserprofile", "pk": 1, "fields": {"user": 1, "tagline": "", "about": "", "gender": "M"}}, {"model": "authapp.shopuserprofile", "pk": 2, "fields": {"user": 2, "tagline": "", "about": "", "gender": ""}}, {"model": "authapp.shopuserprofile", "pk": 3, "fields": {"user": 3, "tagline": "", "about": "", "gender": ""}}, {"model": "authapp.shopuserprofile", "pk": 4, "fields": {"user": 4, "tagline": "", "about": "", "gender": ""}}, {"model": "authapp.shopuserprofile", "pk": 5, "fields": {"user": 5, "tagline": "", "about": "", "gender": ""}}, {"model": "authapp.shopuserprofile", "pk": 6, "fields": {"user": 6, "tagline": "", "about": "", "gender": ""}}, {"model": "authapp.shopuserprofile", "pk": 7, "fields": {"user": 7, "tagline": "", "about": "", "gender": ""}}, {"model": "authapp.shopuserprofile", "pk": 8, "fields": {"user": 28, "tagline": "", "about": "", "gender": ""}}, {"model": "authapp.shopuserprofile", "pk": 9, "fields": {"user": 29, "tagline": "", "about": "", "gender": ""}}, {"model": "authapp.shopuserprofile", "pk": 10, "fields": {"user": 30, "tagline": "", "about": "", "gender": ""}}, {"model": "authapp.shopuserprofile", "pk": 11, "fields": {"user": 31, "tagline": "", "about": "", "gender": ""}}, {"model": "basketapp.basket", "pk": 9, "fields": {"user": 31, "product": 6, "quantity": 2, "added_at": "2021-07-23T12:05:06.054"}}, {"model": "ordersapp.order", "pk": 4, "fields": {"user": 1, "created": "2021-08-01T15:10:02.302", "is_active": true}}, {"model": "ordersapp.order", "pk": 24, "fields": {"user": 1, "created": "2021-08-05T11:12:49.185", "is_active": true}}, {"model": "ordersapp.order", "pk": 25, "fields": {"user": 1, "created": "2021-08-13T14:41:17.109", "is_active": true}}, {"model": "ordersapp.order", "pk": 26, "fields": {"user": 1, "created": "2021-08-20T16:06:48.334", "is_active": true}}, {"model": "ordersapp.orderstep", "pk": 5, "fields": {"order": 4, "created_at": "2021-08-01T15:10:02.304", "status": "FM"}}, {"model": "ordersapp.orderstep", "pk": 6, "fields": {"order": 4, "created_at": "2021-08-01T16:42:26.112", "status": "STP"}}, {"model": "ordersapp.orderstep", "pk": 26, "fields": {"order": 24, "created_at": "2021-08-05T11:12:49.186", "status": "FM"}}, {"model": "ordersapp.orderstep", "pk": 27, "fields": {"order": 25, "created_at": "2021-08-13T14:41:17.119", "status": "FM"}}, {"model": "ordersapp.orderstep", "pk": 28, "fields": {"order": 26, "created_at": "2021-08-20T16:06:48.344", "status": "FM"}}, {"model": "ordersapp.orderitem", "pk": 4, "fields": {"order": 4, "product": 6, "quantity": 2}}, {"model": "ordersapp.orderitem", "pk": 5, "fields": {"order": 4, "product": 1, "quantity": 2}}, {"model": "ordersapp.orderitem", "pk": 38, "fields": {"order": 24, "product": 11, "quantity": 1}}, {"model": "ordersapp.orderitem", "pk": 39, "fields": {"order": 25, "product": 9, "quantity": 1}}, {"model": "ordersapp.orderitem", "pk": 40, "fields": {"order": 25, "product": 2, "quantity": 2}}, {"model": "ordersapp.orderitem", "pk": 41, "fields": {"order": 26, "product": 6, "quantity": 1}}, {"model": "ordersapp.orderitem", "pk": 42, "fields": {"order": 26, "product": 3, "quantity": 1}}]